time,open,high,low,close,EMA24,EMA9,Volume,Volume MA,RSI
2021-07-21T14:45:00Z,31788.76,31875.77,31722.05,31824.61,31412.899325762304,31644.10532651834,1024.0323060000258,872.6761977500206,72.69600836493544
2021-07-21T15:00:00Z,31824.61,31894.31,31780.81,31814.83,31445.05377970132,31678.25026121467,850.4450949999956,792.2125740000188,72.00097082205157
2021-07-21T15:15:00Z,31814.82,31900,31811.68,31872.72,31479.267077325214,31717.14420897174,632.1581659999964,761.4544258000187,73.60938044586212
2021-07-21T15:30:00Z,31872.72,31947.77,31761.47,31813.25,31505.985711139198,31736.36536717739,884.4930329999899,777.9795535500182,69.21085625897942
2021-07-21T15:45:00Z,31813.25,31969.99,31790,31933,31540.14685424806,31775.69229374191,1174.1488069999903,815.9759957500178,72.74282557756082
2021-07-21T16:00:00Z,31934.54,32100,31848.38,31987.99,31575.974305908218,31818.15183499353,1801.4695559999493,859.6067429000157,74.20611091267513
2021-07-21T16:15:00Z,31987.99,32111.23,31959.6,32055.37,31614.32596143556,31865.595467994823,1185.7272499999933,886.6716898500159,75.91247732395826
2021-07-21T16:30:00Z,32055.36,32428.57,32045.14,32293.61,31668.668684520715,31951.19837439586,2180.4210160000343,967.8181309500175,80.75918910217625
2021-07-21T16:45:00Z,32293.61,32324.9,32020.31,32107.81,31703.799989759056,31982.52069951669,1209.7051900000026,974.2106317500172,69.08436053337405
2021-07-21T16:45:00Z,32293.61,32324.9,32020.31,32107.81,31703.799989759056,31982.52069951669,1209.7051900000026,974.2106317500172,69.08436053337405
2021-07-21T17:00:00Z,32109.27,32138.77,31783.88,32035.56,31730.34079057833,31993.12855961335,1688.545202999969,993.1922504000165,65.14080030807223
2021-07-21T17:15:00Z,32035.56,32197.99,31957.07,32000,31751.913527332064,31994.50284769068,867.1374159999914,1002.6010985500163,63.227755744575546
2021-07-21T17:30:00Z,32000.01,32164.38,31950.34,32114.49,31780.9196451455,32018.500278152544,604.4534399999984,1002.0833687500162,66.62611471834971
2021-07-21T17:45:00Z,32114.49,32223.24,32062.13,32179.1,31812.77407353386,32050.620222522033,597.5843850000001,992.1735261000165,68.40088018874725
2021-07-21T18:00:00Z,32179.09,32858,32060.64,32735.91,31886.62494765115,32187.678178017628,2949.9130049999694,1115.0355908000151,78.842864525545
2021-07-21T18:15:00Z,32735.91,32821,32030.98,32179.99,31910.09415183906,32186.1405424141,3958.960606000056,1296.3768193000178,58.17363776639218
2021-07-21T18:30:00Z,32179.99,32271.2,31900.02,32065.1,31922.494619691937,32161.93243393128,2115.446707999992,1374.6370042500175,54.96652150898112
2021-07-21T18:45:00Z,32065.1,32200,31755,31786.71,31911.63185011658,32086.887947145024,1781.310373999971,1432.430353350016,48.053476579903055
2021-07-21T19:00:00Z,31783.78,32000,31584.52,31718.12,31896.150902107252,32013.13435771602,2033.840608000037,1478.7993135000183,46.501690948836526
2021-07-21T19:15:00Z,31718.12,31971.12,31681.12,31690.14,31879.670029938672,31948.535486172816,1548.1302829999843,1507.8780404500176,45.85121779352592
2021-07-21T19:30:00Z,31690.14,31814.72,31681.7,31738.91,31868.40922754358,31906.610388938254,744.5531090000005,1491.623777800018,47.2366420541017
2021-07-21T19:45:00Z,31738.91,31790.7,31616.96,31627.57,31849.142089340094,31850.802311150605,888.9919039999962,1484.8717577000164,44.44112416686299
2021-07-21T20:00:00Z,31627.58,31729.99,31571.89,31615.63,31830.461122192886,31803.767848920485,858.2468009999955,1485.2618430000161,44.13944320637093
2021-07-21T20:15:00Z,31613.92,31727.7,31573.31,31589.74,31811.203432417456,31760.962279136387,683.0792230000018,1487.8078958500164,43.45067701601513
2021-07-21T20:30:00Z,31587.72,31675.01,31516.3,31629.3,31796.65115782406,31734.62982330911,954.7581119999927,1491.3211498000164,44.866374429228806
2021-07-21T20:45:00Z,31629.29,31936.1,31612.96,31796.9,31796.671065198138,31747.08385864729,974.9189899999968,1481.3596589500169,50.51822549674703
2021-07-21T21:00:00Z,31796.9,31861.48,31680.01,31733.46,31791.614179982287,31744.35908691783,411.02663099999864,1411.8375127000193,48.49186420691153
2021-07-21T21:15:00Z,31733.47,31780,31686.28,31757.13,31788.855445583704,31746.913269534263,284.41080200000044,1366.7716903000196,49.30886147788774
2021-07-21T21:30:00Z,31757.13,31967.77,31723.27,31875.84,31795.81420993701,31772.69861562741,394.2983989999958,1277.4655594500177,53.308801897668495
2021-07-21T21:45:00Z,31871.52,31906.43,31801.11,31835.03,31798.95147314205,31785.16489250193,255.02661400000045,1229.7316306500177,51.795662827666845
2021-07-21T22:00:00Z,31835.02,31920,31800,31897.11,31806.804155290687,31807.553914001543,279.92732799999897,1159.3007369000193,53.93755077242008
2021-07-21T22:15:00Z,31897.11,32163.97,31835.86,32105.35,31830.687822867432,31867.113131201233,771.8579309999959,1154.5367626500195,60.30851427115973
2021-07-21T22:30:00Z,32110.46,32110.46,31978.21,32037.75,31847.252797038036,31901.240504960988,460.36101299999876,1147.3321413000194,57.526903786571715
2021-07-21T22:45:00Z,32037.75,32114.12,31991.8,32114.12,31868.602173274994,31943.81640396879,443.032754,1139.6045597500192,59.78364209100347
2021-07-21T23:00:00Z,32114.12,32115.64,31959,32046.03,31882.796399412993,31964.259123175034,501.50982599999764,1017.1844008000207,56.881723321746904
2021-07-21T23:15:00Z,32046.04,32184.24,31992.3,32047.87,31896.002287459953,31980.981298540028,1159.816478000026,877.2271944000192,56.94254667980171
2021-07-21T23:30:00Z,32047.87,32199,32046.25,32168.28,31917.784504463158,32018.44103883202,499.474204999999,796.4285692500196,60.83592241518948
2021-07-21T23:45:00Z,32168.27,32247.63,32068.94,32144.51,31935.922544106106,32043.654831065618,672.9530089999915,741.0107010000206,59.68850875513333
2021-07-22T00:00:00Z,32144.51,32258.88,31878.79,32194.14,31956.579940577616,32073.751864852493,1243.8852969999941,701.5129354500184,61.328533269232004
2021-07-22T00:15:00Z,32194.15,32357.9,32133.26,32321.86,31985.802345331405,32123.373491881994,838.5253469999948,666.032688650019,65.2469751069045
2021-07-22T00:30:00Z,32321.87,32376.78,32177.13,32247.35,32006.726157704892,32148.168793505596,747.3338639999952,666.1717264000188,61.34197667399716
2021-07-22T00:45:00Z,32247.34,32247.87,32040.62,32053.18,32010.4424650885,32129.171034804476,616.0445470000051,652.5243585500191,52.520494885342664
2021-07-22T01:00:00Z,32053.58,32067.6,31940.53,32014.88,32010.79746788142,32106.31282784358,444.3059369999982,631.8273153500193,50.96364901787062
2021-07-22T01:15:00Z,32014.88,32081.91,31940.46,32054.35,32014.281670450906,32095.920262274863,286.0132329999998,611.9740158500191,52.52546744171301
2021-07-22T01:30:00Z,32054.34,32054.34,31888.9,32000,32013.139136814832,32076.73620981989,346.2496760000011,581.5485940500196,50.15651232744938
2021-07-22T01:45:00Z,31999.99,32050,31969.74,31974.85,32010.076005869647,32056.35896785591,183.49668599999924,541.9774788500197,49.0539975098342
2021-07-22T02:00:00Z,31974.85,31980.97,31869.49,31880,31999.669925400074,32021.08717428473,349.73917299999937,538.9131059500197,45.03352516901591
2021-07-22T02:15:00Z,31880.2,31963.18,31880.2,31952.12,31995.86593136807,32007.293739427783,182.56289600000017,533.8207106500197,48.490476553938585
2021-07-22T02:30:00Z,31952.11,31952.11,31777,31864.63,31985.367056858624,31978.760991542225,441.54152900000065,536.1828671500199,44.80879647167332
2021-07-22T02:45:00Z,31864.64,31930.21,31821.07,31855,31974.937692309933,31954.00879323378,285.8597190000006,537.7245224000199,44.40911476982854
2021-07-22T03:00:00Z,31855,32113.87,31826.09,32091.17,31984.236276925138,31981.441034587024,568.0112059999957,552.1287163000196,55.0081821540657
2021-07-22T03:15:00Z,32091.15,32095.67,31913.73,31946.51,31981.218174771126,31974.45482766962,331.7313699999976,530.1223882500196,48.86277570450781
2021-07-22T03:30:00Z,31946.51,31979.57,31882.69,31900.85,31974.788720789435,31959.733862135694,302.05460899999696,522.2070680500196,47.07510808257137
2021-07-22T03:45:00Z,31900.88,31987.51,31900.88,31929.64,31971.17682312628,31953.715089708556,303.18301300000036,515.2145810000196,48.35803477869073
2021-07-22T04:00:00Z,31929.64,32050,31901.05,32025.95,31975.558677276178,31968.162071766845,310.7184670000007,505.6750130500198,52.50564782770252
2021-07-22T04:15:00Z,32025.96,32213,32006.07,32202.6,31993.721983094085,32015.049657413474,566.2872829999963,475.9985533000183,59.00865951172948
2021-07-22T04:30:00Z,32202.6,32205.38,32073.13,32076.72,32000.361824446558,32027.38372593078,346.6593649999991,468.35781130001834,53.39786650287673
2021-07-22T04:45:00Z,32076.72,32095.15,31980.82,32063.91,32005.445678490833,32034.688980744624,345.58148800000066,451.98923525001874,52.84717628218344
2021-07-22T05:00:00Z,32063.91,32150,31966.74,31980.45,32003.446024211567,32023.841184595698,375.8076130000011,408.5853510500191,49.281198337988734
2021-07-22T05:15:00Z,31980.46,32005.76,31923.24,31987.41,32002.163142274643,32016.55494767656,281.40831199999974,380.7294993000193,49.586702767277046
2021-07-22T05:30:00Z,31987.4,32034.61,31926.87,31943.94,31997.50529089267,32002.031958141248,250.67272100000045,355.89644215001965,47.65593258179277
2021-07-22T05:45:00Z,31941.74,31948.79,31860,31892.52,31989.106467621255,31980.129566513,451.9879540000017,347.69361250001947,45.40384586551671
2021-07-22T06:00:00Z,31892.52,32070,31865.93,32053.41,31994.250750211555,31994.785653210398,367.3294449999994,343.8447879000195,52.90345824893606
2021-07-22T06:15:00Z,32053.42,32098,31976.05,32025.4,31996.74269019463,32000.90852256832,291.9894339999996,344.14359795001957,51.57518835395624
2021-07-22T06:30:00Z,32025.4,32044,31941.37,32033.51,31999.68407497906,32007.428818054654,320.31745500000034,342.8469869000195,51.95135118059838
2021-07-22T06:45:00Z,32033.5,32070.92,31972.38,32032.9,32002.341348980735,32012.52305444372,378.6457870000008,352.6044419500196,51.91868297603324
2021-07-22T07:00:00Z,32032.89,32344.9,32017.5,32250,32022.154041062277,32060.018443554978,864.6027179999921,378.3476192000192,61.25644079157038
2021-07-22T07:15:00Z,32250.01,32315.59,32181.77,32243.23,32039.840117777294,32096.660754843982,690.7228399999926,403.75561640001877,60.85951595633338
2021-07-22T07:30:00Z,32243.24,32243.24,32144.12,32162.23,32049.63130835511,32109.774603875187,509.11747099999945,407.1344135000187,56.169860937912205
2021-07-22T07:45:00Z,32162.93,32164.86,32035.88,32129.75,32056.0408036867,32113.76968310015,550.1460679999976,420.3487309500186,54.360958302583526
2021-07-22T08:00:00Z,32129.74,32157.31,32044.13,32136.63,32062.487939391765,32118.34174648012,596.5735090000005,421.7768461000188,54.693791519767714
2021-07-22T08:15:00Z,32136.62,32259,32136.62,32249.23,32077.427304240424,32144.519397184096,876.7615769999928,449.0283564500185,59.8539980410125
2021-07-22T08:30:00Z,32249.23,32249.23,32136.64,32179.87,32085.62271990119,32151.589517747278,499.89947499999846,458.9205997500186,55.64939330219703
2021-07-22T08:45:00Z,32179.88,32190,32104.31,32116.33,32088.079302309092,32144.537614197823,335.65877799999856,460.54438800001856,52.04265785659523
2021-07-22T09:00:00Z,32116.32,32139.58,32041.29,32087.94,32088.068158124366,32133.21809135826,377.9370570000005,463.90531750001855,50.468750124899344
2021-07-22T09:15:00Z,32087.94,32171.46,32050.81,32141.14,32092.313905474417,32134.80247308661,352.0412869999986,453.1930177000187,53.31781228335177
2021-07-22T09:30:00Z,32141.15,32141.15,31708,31787.72,32067.946393036465,32065.385978469287,1305.7001889999842,501.14505890001794,37.77343595638243
2021-07-22T09:45:00Z,31787.73,31931.08,31783.4,31891.93,32053.865081593547,32030.69478277543,703.7657890000002,519.054273950018,43.04607005633762
2021-07-22T10:00:00Z,31891.94,31975.93,31847,31879.67,32039.929475066063,32000.489826220342,425.88132700000267,521.5579596500181,42.58886227946648
2021-07-22T10:15:00Z,31879.66,31888.21,31773,31867.32,32026.120717060778,31973.855860976273,607.2996069999965,537.852524400018,42.103728154530685
2021-07-22T10:30:00Z,31867.32,31928,31840.3,31927.69,32018.246259695916,31964.62268878102,253.4910099999988,537.9934388500178,45.37912083261591
2021-07-22T10:45:00Z,31927.68,31982.51,31800.82,31811.6,32001.71455892024,31934.018151024815,408.2199189999999,535.8050371000177,40.62015418315159
2021-07-22T11:00:00Z,31811.6,31885,31708.57,31764.09,31982.70459420662,31900.032520819852,821.0113239999944,558.4891310500174,38.82562730482382
2021-07-22T11:15:00Z,31764.09,31843.65,31716.93,31769.89,31965.679426670093,31874.004016655883,545.7040450000004,571.1748616000175,39.17888402391962
2021-07-22T11:30:00Z,31773.99,31928.45,31771.15,31910.02,31961.226672536486,31881.207213324706,379.2455259999987,574.1212651500174,47.12347629706857
2021-07-22T11:45:00Z,31909.98,31986.49,31853.03,31913.64,31957.419738733566,31887.693770659764,461.83880000000045,578.2809158000173,47.31493138441781
2021-07-22T12:00:00Z,31913.64,31913.65,31821.36,31825.07,31946.831759634882,31875.169016527812,324.57204699999966,551.2793822500176,43.194044925197936
2021-07-22T12:15:00Z,31825.07,31874.88,31724.39,31790.76,31934.346018864093,31858.28721322225,546.81708199999,544.0840943500175,41.67966309337615
2021-07-22T12:30:00Z,31790.75,32200,31777.18,32135.47,31950.435937354967,31913.723770577802,1832.5003909999923,610.2532403500171,57.718684147935036
2021-07-22T12:45:00Z,32135.46,32222.22,32054.07,32187.54,31969.40426236657,31968.48701646224,651.3210039999981,615.3119871500171,59.529262528321254
2021-07-22T13:00:00Z,32187.54,32247.99,32125.96,32203.19,31988.107121377245,32015.42761316979,572.8370969999993,614.1251665500171,60.0825402449623
2021-07-22T13:15:00Z,32203.19,32203.2,32079.18,32139.7,32000.234551667065,32040.282090535835,481.1121369999966,594.3426945500173,56.69619198534433
2021-07-22T13:30:00Z,32137.29,32160.52,32075.85,32089.74,32007.3949875337,32050.173672428667,311.8513449999986,584.9402880500173,54.11169370527667
2021-07-22T13:45:00Z,32089.74,32107.53,32041.98,32071.89,32012.554588531002,32054.516937942935,367.4940129999975,586.5320498000173,53.1789494459733
2021-07-22T14:00:00Z,32070.33,32105.35,32025.16,32078.18,32017.804621448522,32059.249550354347,261.95311500000196,580.7328527000174,53.48323272728342
2021-07-22T14:15:00Z,32078.18,32156.44,32057.43,32090.77,32023.641851732642,32065.553640283477,401.23179399999765,583.1923780500173,54.1258680081593
2021-07-22T14:30:00Z,32090.77,32269.21,31975.03,32132.43,32032.344903594032,32078.92891222678,922.7604679999818,564.0453920000172,56.278304061525546
2021-07-22T14:45:00Z,32132.43,32299,32100,32263.53,32050.83971130651,32115.849129781425,509.73848099999964,554.3440266000172,62.27676025094303
2021-07-22T15:00:00Z,32265.03,32331,32201.01,32209.12,32063.50213440199,32134.50330382514,906.7285359999983,578.386387050017,58.67858086486415
2021-07-22T15:15:00Z,32209.13,32469.83,32168.87,32358.65,32087.113963649834,32179.332643060112,1112.0963750000067,603.6262254500174,64.7126482618524
2021-07-22T15:30:00Z,32358.65,32447,32259.11,32401.08,32112.231246557847,32223.68211444809,763.8483419999993,629.1440920500174,66.22003106356595
2021-07-22T15:45:00Z,32401.08,32584.06,32341.29,32504.82,32143.63834683322,32279.90969155847,1088.8542149999944,663.1758068500172,69.6353457460132
2021-07-22T16:00:00Z,32504.83,32591.35,32367.23,32392.21,32163.524079086565,32302.369753246778,1297.7392319999851,687.0122022500168,62.274963650750145
2021-07-22T16:15:00Z,32392.2,32395.16,32264.69,32319.37,32175.99175275964,32305.76980259742,682.7900199999963,693.8665010000166,58.00417994450442
2021-07-22T16:30:00Z,32319.37,32377.81,32289.99,32366.15,32191.20441253887,32317.845842077935,392.4649919999995,694.5274743000166,59.90591229432927
2021-07-22T16:45:00Z,32366.15,32399.87,32317.44,32349.86,32203.896859535762,32324.248673662347,263.23972399999974,684.5975205000166,58.9055776781579
2021-07-22T17:00:00Z,32349.86,32470.7,32340,32465.93,32224.8595107729,32352.58493892988,415.74055200000066,689.1559457500167,63.57305241204531
2021-07-22T17:15:00Z,32465.93,32473.36,32378.08,32402.88,32239.10114991107,32362.643951143902,349.4241089999975,679.286297100017,59.612239549217776
2021-07-22T17:30:00Z,32402.87,32418.52,32322.18,32355.06,32248.37785791818,32361.127160915123,426.0457439999978,608.9635647500173,56.72555595065144
2021-07-22T17:45:00Z,32355.06,32430.55,32342.96,32408.13,32261.15802928473,32370.527728732097,371.4363000000001,594.9693295500174,59.09303015938468
2021-07-22T18:00:00Z,32408.13,32436.31,32222,32387.98,32271.30378694195,32374.018182985677,855.5944149999777,609.1071954500163,57.80004778997626
2021-07-22T18:15:00Z,32387.98,32401.64,32268.28,32273.46,32271.476283986594,32353.90654638854,379.04165099999966,604.0036711500164,50.97362982115125
2021-07-22T18:30:00Z,32273.46,32290,32222.01,32255.71,32270.214981267665,32334.267237110835,337.38777200000357,605.2804925000166,49.98818180314632
2021-07-22T18:45:00Z,32255.72,32324.83,32255.71,32278.1,32270.845782766253,32323.033789688667,211.8293430000002,597.4972590000168,51.2679843044102
2021-07-22T19:00:00Z,32278.1,32323,32256.33,32269.97,32270.775720144953,32312.421031750935,206.94288099999974,594.7467473000166,50.76004311850831
2021-07-22T19:15:00Z,32269.98,32335.53,32258.57,32280.34,32271.54086253336,32306.00482540075,202.42992200000015,584.8066537000167,51.42117347665311
2021-07-22T19:30:00Z,32280.34,32377.82,32234.26,32335,32276.61759353069,32311.8038603206,268.8385230000004,552.1105564500176,54.861444423378074
2021-07-22T19:45:00Z,32335,32398,32298.49,32376.93,32284.642586048234,32324.82908825648,208.46108999999961,537.0466869000176,57.3562729507926
2021-07-22T20:00:00Z,32376.93,32379.99,32257.95,32266.64,32283.202379164377,32313.191270605184,241.11372799999947,503.7659465000176,49.59200262303903
2021-07-22T20:15:00Z,32266.64,32328.52,32251,32278.11,32282.794988831225,32306.175016484147,195.5097089999996,457.9366132000173,50.3448312952155
2021-07-22T20:30:00Z,32278.9,32335.37,32230,32310.77,32285.03298972473,32307.094013187318,235.26590899999994,431.50749155001733,52.51929092522164
2021-07-22T20:45:00Z,32310.23,32335.37,32230,32230.01,32280.63115054675,32291.677210549853,242.97534399999978,389.21354800001757,47.03440776483176
2021-07-22T21:00:00Z,32230.01,32281.43,32201,32236.25,32277.080658503008,32280.59176843988,284.5299390000016,338.5530833500184,47.49071524914248
2021-07-22T21:15:00Z,32236.25,32296.65,32236.25,32279.47,32277.271805822766,32280.367414751905,195.6994410000001,314.1985544000186,50.66127908743125
2021-07-22T21:30:00Z,32279.47,32487.19,32261.57,32442.21,32290.466861356945,32312.735931801522,284.6360689999991,308.8071082500186,60.365631773636295
2021-07-22T21:45:00Z,32442.21,32483.59,32098.33,32115.59,32276.476712448388,32273.30674544122,626.492736000005,326.9697588500188,42.358271277647496
2021-07-22T22:00:00Z,32115.59,32240.1,32111.29,32203.91,32270.671375452515,32259.427396352974,437.42440400000135,328.0539514500189,46.96530463315187
2021-07-22T22:15:00Z,32203.91,32219.97,32051.85,32146.1,32260.705665416313,32236.76191708238,417.5973989999993,331.4626159500189,44.46042663777024
2021-07-22T22:30:00Z,32146.1,32204.85,32130,32194.6,32255.41721218301,32228.329533665903,277.4899280000006,324.03482515001906,47.01369532368046
2021-07-22T22:45:00Z,32194.6,32259.09,32161.39,32174.27,32248.92543520837,32217.517626932724,377.4317059999998,324.33459545001904,46.05787081906585
2021-07-22T23:00:00Z,32174.27,32259.14,32130,32234.77,32247.7930003917,32220.96810154618,310.91152200000056,297.10045080002016,49.35754602425271
2021-07-22T23:15:00Z,32234.77,32332.58,32233.95,32276.37,32250.079160360365,32232.048481236943,240.52481800000166,290.1746091500203,51.552073112975854
2021-07-22T23:30:00Z,32276.37,32335.83,32245.15,32324.51,32256.033627531535,32250.540784989553,263.11729200000127,286.46108515002015,54.03438701093472
2021-07-22T23:45:00Z,32324.5,32377,32280.01,32287.83,32258.577337329014,32257.99862799164,266.54290700000075,289.1967633500202,51.85429819968139
2021-07-23T00:00:00Z,32287.58,32408,32213,32213.39,32254.962350342692,32249.076902393314,585.9672379999884,308.1479812000196,47.65235616579013
2021-07-23T00:15:00Z,32213.39,32412.21,32201.02,32277.66,32256.778162315277,32254.79352191465,471.56397000000027,321.6046836000196,51.32012039329522
2021-07-23T00:30:00Z,32284.23,32349.64,32220.01,32295.43,32259.870309330054,32262.920817531718,360.76118900000023,326.20081690001956,52.31495364297467
2021-07-23T00:45:00Z,32296.7,32381.95,32296.69,32364.69,32268.25588458365,32283.274654025376,224.718465,327.01368565001957,56.08217678634082
2021-07-23T01:00:00Z,32364.7,32405.63,32334.35,32398.96,32278.712213816958,32306.4117232203,295.37314600000224,329.72665655001975,57.85631693530401
2021-07-23T01:15:00Z,32398.97,32435,32338.64,32379.05,32286.7392367116,32320.93937857624,258.47979199999827,332.87516070001965,56.430054555533
2021-07-23T01:30:00Z,32379.05,32700,32379.05,32657,32316.360097774672,32388.151502860994,1287.0317509999936,385.46345280001935,68.21150404015368
2021-07-23T01:45:00Z,32657.03,32799,32554.91,32761.16,32351.9440899527,32462.753202288794,1040.4859999999937,425.3389856000191,71.339164060267
2021-07-23T02:00:00Z,32761.16,32785,32633.31,32720,32381.388562756485,32514.202561831036,902.0219649999922,456.21358690001864,68.47219575553532
2021-07-23T02:15:00Z,32723.35,32741.79,32601,32601.01,32398.958277735965,32531.56404946483,297.17900300000264,461.28756500001873,60.85787073555673
2021-07-23T02:30:00Z,32601.01,32672.45,32549.99,32637.64,32418.052815517087,32552.779239571864,366.0283150000009,465.35717730001886,62.24958483041886
2021-07-23T02:45:00Z,32637.65,32650,32580,32637.99,32435.64779027572,32569.821391657493,216.82605000000078,444.87384300001867,62.2633913513569
2021-07-23T03:00:00Z,32637.98,32694.47,32564.99,32585.87,32447.665567053664,32573.031113325993,266.3088669999981,436.3180661500185,58.81383631610602
2021-07-23T03:15:00Z,32585.87,32642.16,32538.47,32557.59,32456.459521689372,32569.942890660794,352.97776599999895,433.0870845000184,56.96953176649858
2021-07-23T03:30:00Z,32557.59,32580.95,32485.35,32525.22,32461.960359954224,32560.998312528634,380.1295600000013,438.21906610001844,54.84935236559372
2021-07-23T03:45:00Z,32525.23,32599.97,32503.54,32594.46,32472.560331157885,32567.69065002291,416.9244260000061,440.1937021000188,58.41445019346986
2021-07-23T04:00:00Z,32592.21,32655.56,32551.18,32645.7,32486.411504665255,32583.292520018327,394.8921559999984,444.3927338000187,60.87642041720556
2021-07-23T04:15:00Z,32645.69,32672.72,32606.03,32654.98,32499.896984292034,32597.63001601466,480.3823300000013,456.3856094000186,61.323018098694476
2021-07-23T04:30:00Z,32654.97,32769.85,32639.06,32655.04,32512.308425548672,32609.11201281173,393.6516869999993,462.91232915001854,61.32609195738497
2021-07-23T04:45:00Z,32654.33,32690.58,32617.62,32684.47,32526.081351504778,32624.183610249383,200.46469400000052,459.6084185000185,62.88425603071505
2021-07-23T05:00:00Z,32684.47,32760.2,32670.19,32740.72,32543.252443384394,32647.490888199507,428.7407319999978,451.74709320001904,65.72655546296818
2021-07-23T05:15:00Z,32740.72,32742.5,32650.64,32737.88,32558.822647913643,32665.568710559604,328.10240599999776,444.5740150000189,65.4540165891911
2021-07-23T05:30:00Z,32737.88,32915,32645,32655.29,32566.54003608055,32663.512968447685,1148.2585479999973,483.94888295001874,57.93099387621964
2021-07-23T05:45:00Z,32655.28,32700.86,32599.86,32622.37,32571.006433194107,32655.284374758146,475.1677620000029,496.47134780001886,55.20723229528541
2021-07-23T06:00:00Z,32622.37,32639.42,32490,32526.69,32567.461118538577,32629.56549980652,605.4499729999959,511.97518915001854,48.124933059390074
2021-07-23T06:15:00Z,32526.27,32583.05,32500,32571.89,32567.815429055492,32618.030399845215,269.34637799999877,512.5185184500185,51.303133373906455
2021-07-23T06:30:00Z,32571.89,32626.53,32571.89,32615.17,32571.603794731054,32617.458319876172,261.33566699999983,461.23371425001886,54.196821446116
2021-07-23T06:45:00Z,32615.17,32625.34,32525,32574.99,32571.87469115257,32608.964655900938,460.39690199999876,432.2292593500191,51.15756117932077
2021-07-23T07:00:00Z,32576,32598.03,32417.27,32455.63,32562.575115860363,32578.29772472075,606.9636439999933,417.4763433000192,43.37584198603594
2021-07-23T07:15:00Z,32455.64,32506.34,32360.81,32376.43,32547.683506591533,32537.9241797766,506.33318700000063,427.93405250001905,39.123267787846046
2021-07-23T07:30:00Z,32376.43,32461.83,32360.67,32425.81,32537.933626064212,32515.50134382128,411.26052399999963,430.19566295001897,42.88318718088171
2021-07-23T07:45:00Z,32426.6,32496.3,32420.03,32490,32534.098935979076,32510.401075057023,321.1009770000016,435.409409300019,47.428642252559285
2021-07-23T08:00:00Z,32489.99,32496.78,32402.59,32480.87,32529.84062110075,32504.49486004562,344.0327559999985,439.29560375001904,46.85745281759425
2021-07-23T08:15:00Z,32479.28,32540.2,32317.88,32448,32523.29337141269,32493.195888036495,594.4298880000007,451.3682098500191,44.767134712507264
2021-07-23T08:30:00Z,32448,32500,32402.48,32476.05,32519.513901699673,32489.766710429194,455.24654499999656,455.1240591000189,46.94233707776751
2021-07-23T08:45:00Z,32476.04,32497.18,32285.57,32318.75,32503.4527895637,32455.563368343355,804.7841969999907,474.51704765001807,37.92282044939004
2021-07-23T09:00:00Z,32318.75,32430.22,32266,32386.29,32494.079766398605,32441.708694674686,619.3285019999905,485.7388649500177,42.98807502916464
2021-07-23T09:15:00Z,32386.29,32475,32370,32453.04,32490.796585086715,32443.974955739748,370.9964350000014,480.2695702000177,47.54364100935681
2021-07-23T09:30:00Z,32453.04,32453.05,32370,32427.39,32485.72405827978,32440.6579645918,339.8011270000006,477.5770422000178,46.021828028705784
2021-07-23T09:45:00Z,32428.2,32428.37,32320,32325.17,32472.879733617396,32417.56037167344,418.92433699999737,488.5000243500176,40.46326021175344
2021-07-23T10:00:00Z,32324.52,32354.78,32223.01,32303.81,32459.354154928005,32394.810297338754,555.0154609999959,494.81376080001746,39.39257100439677
2021-07-23T10:15:00Z,32303.82,32319.29,32210,32271.41,32444.318622533763,32370.130237871002,381.8027209999968,497.4987765500174,37.76039306099086
2021-07-23T10:30:00Z,32270.02,32384.66,32240.49,32358.52,32437.45473273106,32367.8081902968,373.4197989999997,458.75683910001743,44.42727216958946
2021-07-23T10:45:00Z,32358.51,32358.52,32292.11,32330.3,32428.882354112575,32360.30655223744,279.99562099999986,448.9982320500173,42.82681095401961
2021-07-23T11:00:00Z,32327.87,32453.8,32312.78,32411.52,32427.493365783568,32370.549241789955,1025.5996519999908,470.0057160000171,48.56940020982092
2021-07-23T11:15:00Z,32411.51,32467.79,32402.36,32424.3,32427.23789652088,32381.299393431964,333.9409669999986,473.23544545001715,49.43011614792818
2021-07-23T11:30:00Z,32424.99,32425,32341.53,32375.68,32423.11326479921,32380.17551474557,292.9141039999995,474.8143673000171,46.258377215048725
2021-07-23T11:45:00Z,32375.68,32376.43,32292.1,32296.51,32412.98500361527,32363.442411796455,357.52881099999826,469.6709627500171,41.57975380479581
2021-07-23T12:00:00Z,32296.51,32343.67,32214.32,32283.97,32402.66380332605,32347.547929437165,512.5255849999972,464.9490598000173,40.87456977913232
2021-07-23T12:15:00Z,32283.97,32423.51,32244.96,32346.25,32398.150699059966,32347.28834354973,471.22154999999685,463.19347795001715,45.79180776035499
2021-07-23T12:30:00Z,32346.25,32399,32322.2,32326.18,32392.39304313517,32343.066674839785,303.6620879999995,457.8135561500171,44.507228468806126
2021-07-23T12:45:00Z,32326.19,32450,32323.03,32431.97,32395.559199684354,32360.847339871827,417.23639199999695,462.6203269000169,52.13008448512618
2021-07-23T13:00:00Z,32431.97,32495,32382.31,32406.32,32396.420063709607,32369.941871897463,358.81712999999843,463.3595456000168,50.32502011515699
2021-07-23T13:15:00Z,32406.32,32457.73,32364.72,32408.91,32397.419258612837,32377.73549751797,330.7036010000006,450.17323125001684,50.51136044428193
2021-07-23T13:30:00Z,32408.91,32474.99,32390.04,32451.04,32401.70891792381,32392.396398014374,331.1609919999992,443.968953600017,53.562844769672566
2021-07-23T13:45:00Z,32449.16,32599.86,32431.95,32546.64,32413.303404489907,32423.245118411498,622.1935709999963,434.8394223000173,59.64374164576554
2021-07-23T14:00:00Z,32548.57,32575.2,32477.77,32504.26,32420.579932130713,32439.4480947292,345.66841400000015,421.1564179000178,56.13445163903096
2021-07-23T14:15:00Z,32504.26,32559.61,32472.82,32533.82,32429.639137560254,32458.32247578336,317.19530100000014,418.4663612000178,57.99107621823421
2021-07-23T14:30:00Z,32533.82,32552.81,32420,32452.02,32431.429606555434,32457.061980626688,314.6425520000001,417.2084324500177,51.49569010175768
2021-07-23T14:45:00Z,32452.02,32487.99,32432.96,32483.51,32435.596038031,32462.35158450135,190.23502800000054,405.7739670000179,53.64805455576745
2021-07-23T15:00:00Z,32483.51,32497.51,32369.32,32377.59,32430.95555498852,32445.39926760108,356.79160900000096,395.8627744000181,46.21881617863641
2021-07-23T15:15:00Z,32377.58,32450.19,32351.65,32354.2,32424.815110589436,32427.159414080863,425.74911900000023,398.06009430001825,44.745235077769074
2021-07-23T15:30:00Z,32354.2,32400,32300,32384.28,32421.572301742282,32418.58353126469,385.9593600000017,398.6870723500184,47.081875897776165
2021-07-23T15:45:00Z,32384.28,32399.52,32276.06,32315,32413.0465176029,32397.86682501175,418.0576519999982,405.5901739000183,42.612247710501705
2021-07-23T16:00:00Z,32314.99,32334.68,32140.79,32188.58,32395.08919619467,32356.0094600094,1110.1620939999975,409.8182960000187,35.91253355181816
2021-07-23T16:15:00Z,32188.57,32211.68,31924.32,32115.26,32372.702860499096,32307.85956800752,1237.1620560000229,454.97935045001987,32.701257515994826
2021-07-23T16:30:00Z,32115.26,32194.78,32080.21,32159.51,32355.647431659167,32278.189654406015,433.2705979999994,461.99717515001987,36.397667532599144
2021-07-23T16:45:00Z,32159.51,32214.28,32127,32176.84,32341.342837126434,32257.91972352481,373.2195319999994,462.7817112000199,37.83769336055376
2021-07-23T17:00:00Z,32176.85,32176.85,32027.36,32033.36,32316.70421015632,32213.007778819847,492.0986779999981,461.7603658500199,31.48231528459911
2021-07-23T17:15:00Z,32033.36,32143.01,32027.37,32106.05,32299.851873343814,32191.616223055877,328.8680349999982,454.64269010002,37.23417110135379
2021-07-23T17:30:00Z,32106.06,32190.4,32057.53,32129.42,32286.21732347631,32179.176978444702,317.60970400000156,455.3400709000201,39.00694927009621
2021-07-23T17:45:00Z,32129.42,32205.88,32094.4,32195.9,32278.991937598206,32182.521582755762,307.6009170000016,449.85829715002035,43.864174287315244
2021-07-23T18:00:00Z,32195.89,32200,32124.58,32184.78,32271.45498259035,32182.973266204608,226.8032940000009,443.2576053500205,43.2438332516419
2021-07-23T18:15:00Z,32184.78,32279.76,32143.85,32261.04,32270.621783983122,32198.586612963685,323.8643099999997,442.91564080002047,48.611249845738286
2021-07-23T18:30:00Z,32261.04,32298.96,32156.73,32188.9,32264.084041264472,32196.649290370948,270.38822499999884,439.8770024500204,44.33948880356933
2021-07-23T18:45:00Z,32187.99,32235,32061.16,32129.99,32253.356517963315,32183.317432296757,351.7247999999982,426.3535639000205,41.158737075723124
2021-07-23T19:00:00Z,32129.99,32192,32124.72,32174.98,32247.08639652625,32181.649945837406,252.2409030000004,421.6821883500205,44.436947597386705
2021-07-23T19:15:00Z,32174.99,32220,32151.46,32209.46,32244.076284804152,32187.211956669926,303.37778300000065,420.99131245002053,46.8795487480357
2021-07-23T19:30:00Z,32209.47,32245.95,32178.57,32245.2,32244.16618201982,32198.80956533594,314.45537600000006,420.98195365002056,49.36436727665061
2021-07-23T19:45:00Z,32242.58,32291.39,32226.99,32248.63,32244.523287458236,32208.773652268752,438.71071499999886,433.4057380000205,49.60799059413582
2021-07-23T20:00:00Z,32248.64,32455.01,32193.06,32420.54,32258.60462446158,32251.126921815,1640.9517929999977,497.6137472000203,59.996482310295015
2021-07-23T20:15:00Z,32420.54,32475,32368.3,32380.88,32268.38665450465,32277.077537452,527.5929099999994,502.70593675002027,57.07327338419627
2021-07-23T20:30:00Z,32380.88,32456.49,32367.85,32401.02,32278.997322144278,32301.866029961602,385.6233480000003,502.6891361500202,58.18739533354213
2021-07-23T20:45:00Z,32401.02,32545.61,32401.02,32482.01,32295.238336372735,32337.89482396928,419.32379499999877,502.7524433000202,62.41221615316722
2021-07-23T21:00:00Z,32482.01,32545.78,32438.96,32532.52,32314.220869462915,32376.819859175423,386.0361969999982,466.54614845002027,64.80092375391403
2021-07-23T21:15:00Z,32532.53,32628,32494.49,32613.34,32338.15039990588,32424.123887340338,547.4728349999971,432.06168740001897,68.27503400694391
2021-07-23T21:30:00Z,32611.76,32662.08,32552.5,32644.21,32362.63516791341,32468.14110987227,333.4896229999979,427.07263865001886,69.51278299402915
2021-07-23T21:45:00Z,32644.21,32656.45,32584.81,32605.61,32382.07315448034,32495.634887897817,589.5559659999976,437.8894603500188,66.043066405429
2021-07-23T22:00:00Z,32605.61,32695.73,32573.7,32695.73,32407.16570212191,32535.653910318255,343.523836000001,430.4607182500189,69.82950039453033
2021-07-23T22:15:00Z,32695.73,32827.91,32670,32706.99,32431.15164595216,32569.921128254606,1098.4596069999952,468.9402968500188,70.27548370968742
2021-07-23T22:30:00Z,32706.99,33282,32706.98,33131.53,32487.181914275985,32682.242902603684,2459.147863999904,576.0172048500139,81.42457990164127
2021-07-23T22:45:00Z,33131.53,33278.7,32967.28,33135.86,32539.076161133908,32772.966322082946,1057.471357999977,613.5107269000126,81.50079340631305
2021-07-23T23:00:00Z,33135.86,33266.53,33075.72,33236.94,32594.905268243194,32865.76105766636,1078.173996999974,656.0792620500113,83.23051076543148
2021-07-23T23:15:00Z,33236.94,33330,33164.04,33299.93,32651.307246783737,32952.594846133085,975.710306999984,688.6715619000106,84.22066274152216
2021-07-23T23:30:00Z,33299.93,33500,33272.73,33422.62,32713.01226704104,33046.59987690647,1252.3563249999474,737.7699669000081,85.95959940458565
2021-07-23T23:45:00Z,33422.62,33650,33422.62,33634.09,32786.698485677756,33164.09790152517,1271.695418999988,783.7684978500076,88.34395262004735
2021-07-24T00:00:00Z,33634.1,33777,33401.14,33423.77,32837.66420682354,33216.03232122014,1512.9477940000138,846.8038424000082,74.74806573528608
2021-07-24T00:15:00Z,33423.77,33615.66,33423.77,33474.11,32888.57987027765,33267.64785697611,635.1253709999983,863.3912218000081,75.71155685444795
2021-07-24T00:30:00Z,33474.11,33720.51,33474.11,33627.37,32947.68308065544,33339.59228558089,518.4468649999973,873.590796250008,78.41216984163923
2021-07-24T00:45:00Z,33627.36,33671,33515.01,33554.46,32996.225234203004,33382.565828464714,639.660719999996,883.6382965000079,74.1861782107569
2021-07-24T01:00:00Z,33552.76,33608.82,33515.06,33521.61,33038.256015466766,33410.37466277177,545.9456519999927,828.8879894500076,72.29561977793057
2021-07-24T01:15:00Z,33524.32,33600,33453.64,33473.18,33073.04993422943,33422.93573021742,518.2947709999945,828.4230825000074,69.48425443408117
2021-07-24T01:30:00Z,33473.19,33514.26,33414.95,33496.12,33106.89553949107,33437.57258417393,492.0666459999947,833.7452474000071,70.07781123836226
2021-07-24T01:45:00Z,33496.12,33650,33485.48,33602.92,33146.57749633179,33470.64206733915,505.62081499999505,838.060098400007,72.73658330079097
2021-07-24T02:00:00Z,33602.92,33695,33577.86,33693.89,33190.36249662525,33515.29165387132,379.78042000000363,837.7473095500072,74.79129069568896
2021-07-24T02:15:00Z,33693.9,33780.23,33622.11,33675.9,33229.20549689523,33547.413323097055,932.6369219999979,857.0055139000073,73.60981958214659
2021-07-24T02:30:00Z,33675.91,33686.82,33615.44,33653.31,33263.13385714361,33568.592658477646,487.91367299999484,864.7267164000071,72.07025507691884
2021-07-24T02:45:00Z,33653.31,33696.66,33620,33669.19,33295.61834857213,33588.71212678212,310.56072300000056,850.7769542500075,72.50559195733993
2021-07-24T03:00:00Z,33669.19,33680,33557.75,33573.03,33317.81128068636,33585.575701425696,370.1323559999964,852.1073802500072,65.8157345069306
2021-07-24T03:15:00Z,33573.03,33605.27,33511.35,33565.85,33337.65437823145,33581.630561140555,628.6013159999972,828.6144657000074,65.33102725089941
2021-07-24T03:30:00Z,33565.85,33609.05,33544.36,33547.7,33354.458027972934,33574.844448912445,205.58061099999998,715.9361030500121,64.04696751263214
2021-07-24T03:45:00Z,33547.71,33700.87,33544.96,33669.98,33379.6997857351,33593.871559129955,528.909151,689.5079927000132,68.53410444277118
2021-07-24T04:00:00Z,33669.98,33729.02,33623.62,33681.3,33403.827802876294,33611.35724730397,1125.931982999994,691.8958920000143,68.92080890415494
2021-07-24T04:15:00Z,33681.3,33681.31,33611.57,33674.99,33425.52077864619,33624.083797843174,295.34907700000105,657.8778305000151,68.41607225598085
2021-07-24T04:30:00Z,33675,33760,33657.89,33758.6,33452.167116354496,33650.987038274536,415.05239299999926,616.0126339000177,71.40439381679118
2021-07-24T04:45:00Z,33756.7,33845.41,33676.83,33687.58,33471.000147046136,33658.30563061963,653.7009770000058,585.1129118000185,65.71660530253499
2021-07-24T05:00:00Z,33687.58,33709.78,33573.82,33624.99,33483.319335282446,33651.64250449571,380.2277989999931,528.4769120500175,61.0975687501253
2021-07-24T05:15:00Z,33624.99,33677.72,33571.73,33659,33497.37378845985,33653.114003596565,255.10485800000015,509.4758864000176,62.63442861581702
2021-07-24T05:30:00Z,33659,33700,33627.51,33684.36,33512.332685383066,33659.363202877255,219.88666900000015,494.5478766000177,63.783357152538564
2021-07-24T05:45:00Z,33684.36,33771.27,33681.8,33746.69,33531.08127055242,33676.8285623018,290.65287999999987,477.0974846000178,66.50907612914344
2021-07-24T06:00:00Z,33746.69,33880.14,33700,33764.12,33549.72436890823,33694.28684984144,699.8832720000058,484.7943656000185,67.25132837372868
2021-07-24T06:15:00Z,33764.12,33888.74,33710.44,33887.99,33576.785619395574,33733.02747987315,412.06477499999943,479.48286580001866,72.00059571169088
2021-07-24T06:30:00Z,33887.99,33915,33731.47,33850.01,33598.64356984393,33756.423983898516,676.4025959999965,488.6996633000188,68.71034809483129
2021-07-24T06:45:00Z,33851.27,33910,33804.3,33884.56,33621.516884256416,33782.051187118814,585.8590870000014,492.7115769000191,70.05110804094535
2021-07-24T07:00:00Z,33884.56,33934.25,33835.72,33871.3,33641.499533515904,33799.90094969505,391.0346739999939,493.2742896000186,68.83205890281909
2021-07-24T07:15:00Z,33871.31,33871.31,33773.99,33816.46,33655.49637083463,33803.21275975604,362.0232059999988,464.7436038000186,63.88080509983742
2021-07-24T07:30:00Z,33816.47,33845.43,33739.97,33762.19,33664.03186116786,33795.00820780483,367.88648499999886,458.7422444000188,59.33235850670185
2021-07-24T07:45:00Z,33762.2,33830,33760.48,33806.5,33675.42931227443,33797.30656624386,235.51735399999964,454.99007595001876,61.728408384085135
2021-07-24T08:00:00Z,33806.49,33830,33620,33620,33670.99496729247,33761.84525299509,657.0946319999986,469.33818975001884,48.71783072048803
2021-07-24T08:15:00Z,33620,33728.71,33620,33706.03,33673.79776990907,33750.68220239607,368.29764599999896,456.323006250019,53.57840240929397
2021-07-24T08:30:00Z,33706.04,33750,33580,33598.65,33667.78594831634,33720.275761916855,471.35238599999974,469.61159500001907,47.523742433673924
2021-07-24T08:45:00Z,33598.66,33655,33542.4,33611.98,33663.32147245103,33698.616609533485,490.667625999999,467.69951875001897,48.30472666980978
2021-07-24T09:00:00Z,33611.98,33690.25,33606.75,33650.01,33662.25655465495,33688.89528762679,321.74779499999937,427.4903093500192,50.565168475017266
2021-07-24T09:15:00Z,33650.01,33686.32,33597.21,33662.49,33662.275230282554,33683.614230101426,220.23997700000012,423.73485435001913,51.31746426147196
2021-07-24T09:30:00Z,33662.48,33827,33660,33800.8,33673.35721185995,33707.05138408114,432.86604300000073,424.6255368500192,58.8004034157031
2021-07-24T09:45:00Z,33800.8,33866.75,33767.03,33833.63,33686.179034911154,33732.36710726491,500.13516200000066,416.94724610001896,60.35800544679639
2021-07-24T10:00:00Z,33833.63,33858.98,33750,33760.81,33692.14951211826,33738.05568581192,288.6532379999996,412.36851805001925,55.358655367154775
2021-07-24T10:15:00Z,33760.82,33872.26,33751.77,33841.48,33704.095951148796,33758.74054864954,396.41700399999974,419.43412535001914,59.37320892217864
2021-07-24T10:30:00Z,33841.45,33925.01,33829.83,33922.02,33721.52987505689,33791.39643891963,752.6652350000044,446.0730536500194,62.95510219392091
2021-07-24T10:45:00Z,33922.02,33933.85,33865,33878.17,33734.06108505234,33808.75115113571,425.543530999998,452.81758620001926,59.86064710778184
2021-07-24T11:00:00Z,33878.17,33959.93,33827.91,33938,33750.37619824815,33834.60092090857,425.2576739999982,439.0863063000189,62.56442984451532
2021-07-24T11:15:00Z,33938.01,34065.71,33700.64,33714.28,33747.488502388296,33810.536736726855,1185.5150410000226,477.75881960002005,49.21483830127288
2021-07-24T11:30:00Z,33714.27,33787.86,33680,33769.92,33749.28302219723,33802.41338938149,371.43645499999883,462.5105125500202,51.96025442144582
2021-07-24T11:45:00Z,33769.92,33867,33746.22,33867,33758.700380421455,33815.33071150519,329.1795769999994,449.6765370500201,56.390055305076714
2021-07-24T12:00:00Z,33867,33867,33759.26,33779.98,33760.40274998774,33808.26056920415,441.8656779999987,452.2180872500204,51.78084392273961
2021-07-24T12:15:00Z,33779.98,33846.78,33764.84,33792.19,33762.94572998872,33805.04645536332,357.042305000001,451.9690422000205,52.36913711509975
2021-07-24T12:30:00Z,33792.19,33792.19,33738.15,33782.71,33764.52687158962,33800.579164290655,331.8743100000011,450.16843345002064,51.84030343157292
2021-07-24T12:45:00Z,33782.71,33846.76,33750.46,33816.58,33768.69112186245,33803.779331432524,397.81079299999885,458.2831054000206,53.64151396609621
2021-07-24T13:00:00Z,33816.58,33936.51,33784.92,33862.88,33776.226232113455,33815.59946514602,567.9680839999993,453.8267780000207,56.06077962599893
2021-07-24T13:15:00Z,33862.88,33925.44,33835.26,33871.94,33783.88333354438,33826.86757211682,417.78440299999835,456.3011158500206,56.538736328455705
2021-07-24T13:30:00Z,33871.94,33871.94,33822.15,33829.12,33787.50226686083,33827.318057693454,360.58874499999814,450.76293380002045,53.572658410233785
2021-07-24T13:45:00Z,33829.11,33829.12,33767.24,33783.09,33787.149285511965,33818.47244615476,301.1727389999976,441.2881894500204,50.50538067415221
2021-07-24T14:00:00Z,33781.52,33789.78,33725.97,33743.82,33783.68294267101,33803.54195692381,384.7320770000009,444.43740355002046,47.98139224399146
2021-07-24T14:15:00Z,33743.81,33809.73,33720.01,33809.72,33785.76590725733,33804.77756553904,332.98999199999906,450.0749043000204,52.29028540772215
2021-07-24T14:30:00Z,33809.72,33858.99,33777.71,33850.09,33790.91183467674,33813.84005243123,327.91619299999917,444.8274118000204,54.76237829182759
2021-07-24T14:45:00Z,33850.09,33904.76,33832.06,33851.44,33795.754087902606,33821.36004194499,397.2429059999995,439.68279900002034,54.846635639401505
2021-07-24T15:00:00Z,33851.45,33930,33820.01,33908.69,33804.7889608704,33838.82603355599,384.9392890000007,444.4971015500204,58.3863651513696
2021-07-24T15:15:00Z,33908.7,34047.86,33903.49,33928.99,33814.72504400077,33856.85882684479,914.1746669999989,470.3849847000204,59.595879026429564
2021-07-24T15:30:00Z,33928.99,33929,33816.98,33843.32,33817.01264048071,33854.15106147584,492.1629379999996,457.3598698500202,52.64203019938011
2021-07-24T15:45:00Z,33843.31,33899.61,33817,33847.51,33819.45242924225,33852.82284918067,306.80573800000127,451.42298020002033,52.93130533709303
2021-07-24T16:00:00Z,33847.51,33913.12,33816.97,33886.35,33824.80423490287,33859.52827934454,502.34807000000205,455.2775000000205,55.63647178668506
2021-07-24T16:15:00Z,33886.35,34280.73,33883.01,34207.2,33855.39589611064,33929.06262347563,1805.0853299999271,486.25601445001575,70.6453046515946
2021-07-24T16:30:00Z,34207.2,34290,34116.1,34251.6,33887.09222442179,33993.5700987805,889.1509919999947,512.1417413000156,72.0542749403713
2021-07-24T16:45:00Z,34251.6,34444,34250.6,34423.48,33930.00324646805,34079.552079024405,1302.925396999993,560.8290323000153,76.7138740898476
2021-07-24T17:00:00Z,34423.49,34500,34331.87,34410.57,33968.4485867506,34145.75566321953,1185.4620310000032,598.0088499500155,75.6929946819887
2021-07-24T17:15:00Z,34413,34446.24,34275.24,34289.58,33994.139099810556,34174.520530575624,732.5932510000006,616.7863972500155,66.73042878778307
2021-07-24T17:30:00Z,34289.58,34330.01,34289.58,34314.43,34019.80957182571,34202.5024244605,57.914941,603.0884288000154,67.57952641671713
